index,Adj Close,Open,High,Low,Volume
2015-06-24 00:00:00,12300,11650,12400,11600,1141079
2015-06-25 00:00:00,12350,12350,12550,12150,661745
2015-06-26 00:00:00,12050,12400,12850,12050,858812
2015-06-29 00:00:00,11300,11700,12250,11200,786684
2015-06-30 00:00:00,11450,11200,11550,10900,568095
2015-07-01 00:00:00,11550,11550,11700,11450,415957
2015-07-02 00:00:00,11550,11750,12050,11500,638349
2015-07-03 00:00:00,13250,12500,14150,12350,4905303
2015-07-06 00:00:00,13150,13200,13800,12800,1621505
2015-07-07 00:00:00,11850,13500,14350,11750,3122914
2015-07-08 00:00:00,11200,11950,12050,10950,1268432
2015-07-09 00:00:00,11350,11000,11500,10650,792284
2015-07-10 00:00:00,11250,11450,11950,11100,658690
2015-07-13 00:00:00,11600,11300,11600,11200,386098
2015-07-14 00:00:00,11800,11800,11900,11450,403796
2015-07-15 00:00:00,11800,11900,11950,11600,300789
2015-07-16 00:00:00,11600,11800,11850,11500,378740
2015-07-17 00:00:00,11300,11700,11750,11250,347373
2015-07-20 00:00:00,11550,11400,11650,11200,310989
2015-07-21 00:00:00,11300,11600,11650,11200,257017
2015-07-22 00:00:00,11300,11250,11450,11100,207379
2015-07-23 00:00:00,11550,11400,11700,11150,499839
2015-07-24 00:00:00,12400,11550,12400,11450,1053391
2015-07-27 00:00:00,12150,12500,12850,12050,838232
2015-07-28 00:00:00,11850,11900,12150,11500,575668
2015-07-29 00:00:00,11150,12100,12500,11100,1005858
2015-07-30 00:00:00,10250,11200,11350,10200,754133
2015-07-31 00:00:00,10150,10350,10500,9740,774021
2015-08-03 00:00:00,9900,10250,10350,9840,438915
2015-08-04 00:00:00,10250,9820,10250,9820,264246
2015-08-05 00:00:00,10550,10300,10600,10200,283490
2015-08-06 00:00:00,10650,10450,10750,10450,282055
2015-08-07 00:00:00,10650,10500,10750,10300,195916
2015-08-10 00:00:00,10500,10750,10800,10350,182360
2015-08-11 00:00:00,10000,10600,10650,9980,321336
2015-08-12 00:00:00,9840,9970,10150,9300,400257
2015-08-13 00:00:00,10050,9720,10250,9680,274309
2015-08-17 00:00:00,10000,10150,10250,10000,156466
2015-08-18 00:00:00,9740,10150,10200,9650,283802
2015-08-19 00:00:00,9240,9530,9670,9100,285268
2015-08-20 00:00:00,9030,9020,9450,9020,254318
2015-08-21 00:00:00,8450,8400,8700,8390,379543
2015-08-24 00:00:00,8450,8250,8850,8250,362039
2015-08-25 00:00:00,8790,8530,9100,8450,376872
2015-08-26 00:00:00,9160,8790,9200,8700,277332
2015-08-27 00:00:00,9170,9290,9350,9080,159939
2015-08-28 00:00:00,9250,9300,9400,9250,118151
2015-08-31 00:00:00,9160,9300,9300,9060,89772
2015-09-01 00:00:00,8980,9160,9200,8980,121504
2015-09-02 00:00:00,8810,8720,8890,8720,188108
2015-09-03 00:00:00,8720,8980,8980,8710,144604
2015-09-04 00:00:00,8320,8780,8790,8310,199628
2015-09-07 00:00:00,8500,8320,8590,8200,194340
2015-09-08 00:00:00,8170,8450,8570,8130,191714
2015-09-09 00:00:00,8470,8290,8540,8260,147607
2015-09-10 00:00:00,8580,8470,8590,8350,126034
2015-09-11 00:00:00,8680,8610,8740,8470,117380
2015-09-14 00:00:00,8620,8760,8760,8520,76856
2015-09-15 00:00:00,8820,8570,8950,8570,126940
2015-09-16 00:00:00,9380,8970,9520,8830,307609
2015-09-17 00:00:00,9470,9440,9660,9320,277555
2015-09-18 00:00:00,9600,9640,9650,9390,159290
2015-09-21 00:00:00,9500,9560,9660,9310,121069
2015-09-22 00:00:00,9560,9590,9620,9400,85681
2015-09-23 00:00:00,9310,9440,9480,9200,137079
2015-09-24 00:00:00,9300,9400,9440,9230,65499
2015-09-25 00:00:00,9470,9400,9490,9200,79783
2015-09-30 00:00:00,9180,9250,9340,9150,82879
2015-10-01 00:00:00,9220,9210,9300,9160,60334
2015-10-02 00:00:00,9160,9200,9250,9080,48569
2015-10-05 00:00:00,9230,9230,9370,9160,65437
2015-10-06 00:00:00,9230,9250,9340,9190,45884
2015-10-07 00:00:00,9040,9280,9280,8950,119219
2015-10-08 00:00:00,8850,9000,9120,8810,129990
2015-10-12 00:00:00,9000,8750,9060,8750,61158
2015-10-13 00:00:00,9030,8960,9170,8960,65056
2015-10-14 00:00:00,8990,9000,9030,8800,70851
2015-10-15 00:00:00,9010,8970,9040,8890,30904
2015-10-16 00:00:00,9100,9030,9240,9020,83319
2015-10-19 00:00:00,9300,9180,9370,9140,114618
2015-10-20 00:00:00,9300,9360,9380,9230,85684
2015-10-21 00:00:00,9350,9290,9400,9230,108038
2015-10-22 00:00:00,9340,9320,9610,9320,324593
2015-10-23 00:00:00,9350,9400,9510,9280,103819
2015-10-26 00:00:00,9300,9300,9360,9230,71148
2015-10-27 00:00:00,9140,9270,9310,9080,92127
2015-10-28 00:00:00,9060,9140,9180,9000,88760
2015-10-29 00:00:00,9550,9100,9600,9010,156683
2015-10-30 00:00:00,9860,9450,10200,9310,702558
2015-11-02 00:00:00,9860,9850,10000,9650,245811
2015-11-03 00:00:00,9920,10000,10050,9750,134307
2015-11-04 00:00:00,9840,9990,9990,9810,106067
2015-11-05 00:00:00,9940,9860,10100,9850,308267
2015-11-06 00:00:00,9900,10200,10200,9900,203249
2015-11-09 00:00:00,9420,9950,9950,9420,203874
2015-11-10 00:00:00,9290,9350,9420,9070,104811
2015-11-11 00:00:00,9940,9210,9990,9210,187212
2015-11-12 00:00:00,9710,9970,9970,9570,162417
2015-11-13 00:00:00,9500,9600,9650,9380,76673
2015-11-16 00:00:00,9360,9310,9490,9270,94313
2015-11-17 00:00:00,9740,9370,9810,9370,155184
2015-11-18 00:00:00,9840,9820,9960,9590,144545
2015-11-19 00:00:00,9830,9920,9920,9640,85067
2015-11-20 00:00:00,10000,9830,10000,9820,175404
2015-11-23 00:00:00,10050,10000,10150,10000,134052
2015-11-24 00:00:00,9890,10150,10150,9740,169146
2015-11-25 00:00:00,9750,9870,9970,9750,75973
2015-11-26 00:00:00,9820,9770,9850,9750,74710
2015-11-27 00:00:00,9770,9820,9830,9550,109649
2015-11-30 00:00:00,9690,9660,9860,9570,78557
2015-12-01 00:00:00,9560,9640,9730,9550,74468
2015-12-02 00:00:00,9600,9590,9670,9460,105581
2015-12-03 00:00:00,9530,9520,9650,9500,43884
2015-12-04 00:00:00,9390,9460,9500,9300,59672
2015-12-07 00:00:00,9360,9400,9630,9360,72499
2015-12-08 00:00:00,9100,9360,9430,9070,105958
2015-12-09 00:00:00,9110,9080,9200,9080,45924
2015-12-10 00:00:00,8920,9250,9250,8810,107233
2015-12-11 00:00:00,8630,8930,8990,8610,140796
2015-12-14 00:00:00,8360,8500,8510,8350,68282
2015-12-15 00:00:00,8700,8380,8760,8380,64117
2015-12-16 00:00:00,8860,8840,9000,8740,53263
2015-12-17 00:00:00,9050,9000,9090,8870,43335
2015-12-18 00:00:00,9070,8980,9100,8900,27015
2015-12-21 00:00:00,9000,8940,9170,8940,62061
2015-12-22 00:00:00,9010,9060,9120,8940,41175
2015-12-23 00:00:00,9000,9020,9120,8980,40962
2015-12-24 00:00:00,9020,9160,9160,8950,53039
2015-12-28 00:00:00,9000,9030,9080,8950,42606
2015-12-29 00:00:00,9120,8910,9190,8910,75510
2015-12-30 00:00:00,9180,9130,9250,9030,50457
2016-01-04 00:00:00,9010,9180,9210,8970,57295
2016-01-05 00:00:00,8990,8840,9080,8840,87585
2016-01-06 00:00:00,9250,9000,9310,8900,166586
2016-01-07 00:00:00,9170,9250,9290,9100,86172
2016-01-08 00:00:00,9150,9050,9180,8770,129410
2016-01-11 00:00:00,9400,9150,9600,9120,351255
2016-01-12 00:00:00,9150,9470,9480,8970,136892
2016-01-13 00:00:00,9150,9200,9250,9110,94268
2016-01-14 00:00:00,9000,9050,9100,8930,94312
2016-01-15 00:00:00,8900,9090,9160,8790,97396
2016-01-18 00:00:00,8910,8810,8960,8780,89705
2016-01-19 00:00:00,8950,8910,8970,8800,100841
2016-01-20 00:00:00,8920,9000,9170,8820,178542
2016-01-21 00:00:00,9040,8920,9160,8790,204464
2016-01-22 00:00:00,8970,9050,9100,8960,101158
2016-01-25 00:00:00,9020,9050,9140,8930,150638
2016-01-26 00:00:00,9060,9000,9080,8910,131267
2016-01-27 00:00:00,9020,9160,9400,8960,360521
2016-01-28 00:00:00,9100,9000,9160,8940,153257
2016-01-29 00:00:00,9090,9150,9170,9000,157026
2016-02-01 00:00:00,9150,9150,9230,9100,135718
2016-02-02 00:00:00,9090,9180,9240,9070,120297
2016-02-03 00:00:00,9090,9050,9190,9020,150730
2016-02-04 00:00:00,9160,9120,9280,9070,161804
2016-02-05 00:00:00,9320,9170,9410,9150,242793
2016-02-11 00:00:00,8650,9080,9130,8620,323026
2016-02-12 00:00:00,7540,8550,8550,7260,773270
2016-02-15 00:00:00,7760,7560,7980,7560,235083
2016-02-16 00:00:00,8170,7990,8240,7880,197653
2016-02-17 00:00:00,8010,8170,8260,7900,143645
2016-02-18 00:00:00,8130,8050,8150,8050,122646
2016-02-19 00:00:00,8380,8080,8430,8060,90300
2016-02-22 00:00:00,8390,8350,8430,8260,56722
2016-02-23 00:00:00,8090,8440,8440,7980,134914
2016-02-24 00:00:00,8090,8080,8190,8000,64768
2016-02-25 00:00:00,8090,8090,8210,8080,75799
2016-02-26 00:00:00,8120,8170,8170,8100,38019
2016-02-29 00:00:00,8230,8100,8260,8100,57467
2016-03-02 00:00:00,8640,8290,8640,8290,170089
2016-03-03 00:00:00,8550,8650,8660,8450,115863
2016-03-04 00:00:00,8560,8570,8650,8520,65131
2016-03-07 00:00:00,8410,8600,8620,8350,95860
2016-03-08 00:00:00,8400,8410,8490,8330,48588
2016-03-09 00:00:00,8420,8400,8450,8320,41368
2016-03-10 00:00:00,8410,8420,8530,8340,79422
2016-03-11 00:00:00,8340,8410,8470,8300,66317
2016-03-14 00:00:00,8510,8370,9150,8360,351820
2016-03-15 00:00:00,8560,8600,8720,8490,79324
2016-03-16 00:00:00,8520,8580,8630,8510,71965
2016-03-17 00:00:00,8620,8530,8720,8520,99328
2016-03-18 00:00:00,8600,8650,8690,8560,47902
2016-03-21 00:00:00,8800,8630,8900,8580,169152
2016-03-22 00:00:00,8810,8800,9050,8780,244605
2016-03-23 00:00:00,8640,8810,8860,8620,97892
2016-03-24 00:00:00,8560,8560,8670,8540,77814
2016-03-25 00:00:00,8550,8560,8690,8520,103383
2016-03-28 00:00:00,8420,8630,8660,8420,128616
2016-03-29 00:00:00,8440,8420,8580,8380,128558
2016-03-30 00:00:00,8440,8580,8580,8430,80493
2016-03-31 00:00:00,8440,8550,8550,8380,138260
2016-04-01 00:00:00,8570,8470,8620,8420,148582
2016-04-04 00:00:00,8810,8620,8830,8550,221671
2016-04-05 00:00:00,8990,8850,9030,8690,250115
2016-04-06 00:00:00,8850,8990,8990,8820,144454
2016-04-07 00:00:00,8760,8850,8900,8760,71171
2016-04-08 00:00:00,8830,8750,8980,8730,137462
2016-04-11 00:00:00,8690,8760,8830,8610,107149
2016-04-12 00:00:00,8920,8840,9110,8820,382070
2016-04-14 00:00:00,8710,8870,8960,8650,136443
2016-04-15 00:00:00,9010,8760,9010,8690,159374
2016-04-18 00:00:00,9060,8970,9070,8900,108943
2016-04-19 00:00:00,9080,9100,9170,9020,124296
2016-04-20 00:00:00,9010,9040,9160,9010,147227
2016-04-21 00:00:00,9140,9050,9150,8920,190789
2016-04-22 00:00:00,9120,9140,9230,9070,124680
2016-04-25 00:00:00,8990,9120,9150,8950,149575
2016-04-26 00:00:00,9060,8990,9210,8980,150002
2016-04-27 00:00:00,8960,9010,9120,8900,113410
2016-04-28 00:00:00,8940,8960,9010,8900,68492
2016-04-29 00:00:00,8950,9030,9030,8880,75216
2016-05-02 00:00:00,8910,8950,9030,8820,85356
2016-05-03 00:00:00,8800,8910,8950,8740,101726
2016-05-04 00:00:00,8800,8790,8910,8710,96453
2016-05-09 00:00:00,8740,8770,8820,8670,116116
2016-05-10 00:00:00,9050,8710,9050,8710,194993
2016-05-11 00:00:00,9180,9100,9230,8920,224121
2016-05-12 00:00:00,9080,9170,9230,9040,116448
2016-05-13 00:00:00,9400,9340,9670,9250,634292
2016-05-16 00:00:00,9360,9460,9550,9340,172401
2016-05-17 00:00:00,9260,9360,9440,9180,132495
2016-05-18 00:00:00,9070,9350,9350,9070,177963
2016-05-19 00:00:00,9250,9150,9300,9140,177849
2016-05-20 00:00:00,9900,9310,10050,9260,1213732
2016-05-23 00:00:00,10050,10050,10350,9950,576194
2016-05-24 00:00:00,10150,10100,10400,9970,602438
2016-05-25 00:00:00,9850,10300,10350,9750,470494
2016-05-26 00:00:00,10000,9980,10100,9860,218224
2016-05-27 00:00:00,10100,10000,10350,9990,314014
2016-05-30 00:00:00,9560,10100,10100,9560,306725
2016-05-31 00:00:00,9830,9590,9880,9520,202132
2016-06-01 00:00:00,9800,9860,9930,9730,103621
2016-06-02 00:00:00,10000,9900,10200,9820,303877
2016-06-03 00:00:00,9870,10100,10100,9850,171590
2016-06-07 00:00:00,9800,9900,9940,9710,207730
2016-06-08 00:00:00,10450,9770,10500,9770,661467
2016-06-09 00:00:00,10150,10500,10600,9940,587092
2016-06-10 00:00:00,10150,10150,10200,9970,278343
2016-06-13 00:00:00,10200,10150,10600,10100,691148
2016-06-14 00:00:00,10000,10200,10250,9910,361585
2016-06-15 00:00:00,10250,10000,10350,9940,445566
2016-06-16 00:00:00,10300,10300,10750,10000,1015139
2016-06-17 00:00:00,10050,10350,10600,9990,645726
2016-06-20 00:00:00,9990,10150,10150,9920,246265
2016-06-21 00:00:00,10300,10050,10450,9990,593378
2016-06-22 00:00:00,10250,10300,10350,10150,228744
2016-06-23 00:00:00,9850,10200,10250,9790,348149
2016-06-24 00:00:00,9300,10050,10100,9200,598558
2016-06-27 00:00:00,9710,9000,9770,8980,571577
2016-06-28 00:00:00,9990,9620,10000,9600,402638
2016-06-29 00:00:00,9980,10150,10300,9980,414615
2016-06-30 00:00:00,10550,10150,10800,10050,1090569
2016-07-01 00:00:00,10550,10550,10900,10450,553235
2016-07-04 00:00:00,10800,10700,11000,10550,456889
2016-07-05 00:00:00,10850,10700,10950,10500,347394
2016-07-06 00:00:00,10600,10950,10950,10500,348110
2016-07-07 00:00:00,10700,10700,10850,10600,245380
2016-07-08 00:00:00,10550,10750,10800,10500,174590
2016-07-11 00:00:00,10900,10700,10950,10600,402091
2016-07-12 00:00:00,10550,10800,10900,10500,334387
2016-07-13 00:00:00,10800,10600,11150,10600,617028
2016-07-14 00:00:00,10650,10800,10800,10600,188185
2016-07-15 00:00:00,10400,10700,10700,10250,373320
2016-07-18 00:00:00,10400,10350,10450,10100,258372
2016-07-19 00:00:00,10150,10400,10500,10100,225654
2016-07-20 00:00:00,10200,10200,10350,10150,125426
2016-07-21 00:00:00,10200,10250,10350,10100,149431
2016-07-22 00:00:00,10050,10150,10250,10000,228387
2016-07-25 00:00:00,10450,10050,10500,10050,389058
2016-07-26 00:00:00,10250,10450,10450,10200,159804
2016-07-27 00:00:00,9900,10200,10250,9840,404279
2016-07-28 00:00:00,10050,9900,10050,9820,174412
2016-07-29 00:00:00,9850,10050,10100,9850,159136
2016-08-01 00:00:00,9690,9870,9900,9640,181936
2016-08-02 00:00:00,9830,9700,10000,9700,109625
2016-08-03 00:00:00,9760,9850,9930,9690,123741
2016-08-04 00:00:00,9840,9770,9880,9760,78130
2016-08-05 00:00:00,9810,9890,9900,9810,112813
2016-08-08 00:00:00,9900,9810,9980,9800,106587
2016-08-09 00:00:00,9990,9950,10150,9930,180734
2016-08-10 00:00:00,10000,9990,10150,9900,123471
2016-08-11 00:00:00,10050,10050,10150,9980,83114
2016-08-12 00:00:00,9930,10050,10200,9860,252895
2016-08-16 00:00:00,10200,10100,10250,10000,263385
2016-08-17 00:00:00,10050,10200,10250,9980,171964
2016-08-18 00:00:00,9830,10100,10100,9650,239724
2016-08-19 00:00:00,9820,9800,9930,9730,96801
2016-08-22 00:00:00,9520,9860,9860,9450,174938
2016-08-23 00:00:00,9800,9530,9850,9520,148071
2016-08-24 00:00:00,9800,9850,9850,9650,81112
2016-08-25 00:00:00,9500,9800,9800,9460,177668
2016-08-26 00:00:00,9410,9490,9490,9230,185015
2016-08-29 00:00:00,9110,9410,9590,9090,197309
2016-08-30 00:00:00,9230,9270,9310,9100,101077
2016-08-31 00:00:00,8950,9230,9280,8760,150673
2016-09-01 00:00:00,9060,8870,9140,8870,87902
2016-09-02 00:00:00,9060,9060,9200,9000,74773
2016-09-05 00:00:00,9240,9180,9260,9080,96727
2016-09-06 00:00:00,9140,9210,9280,9090,90468
2016-09-07 00:00:00,9180,9210,9240,9090,57655
2016-09-08 00:00:00,8950,9080,9200,8930,126469
2016-09-09 00:00:00,8950,8920,9010,8860,68584
2016-09-12 00:00:00,8800,8850,9030,8750,135615
2016-09-13 00:00:00,8850,8890,9060,8790,68823
2016-09-19 00:00:00,8850,9020,9030,8800,118329
2016-09-20 00:00:00,9350,8930,9460,8930,322749
2016-09-21 00:00:00,9380,9540,9540,9330,113174
2016-09-22 00:00:00,9270,9430,9470,9230,129262
2016-09-23 00:00:00,9410,9280,9440,9280,86400
2016-09-26 00:00:00,9460,9400,9550,9290,133142
2016-09-27 00:00:00,9400,9400,9520,9300,119300
2016-09-28 00:00:00,9390,9400,9460,9250,133680
2016-09-29 00:00:00,9480,9390,9510,9360,70167
2016-09-30 00:00:00,9220,9480,9480,9200,126703
2016-10-04 00:00:00,9280,9210,9340,9080,50421
2016-10-05 00:00:00,9230,9210,9350,9200,64385
2016-10-06 00:00:00,9260,9230,9330,9230,67431
2016-10-07 00:00:00,9150,9330,9340,9150,107263
2016-10-10 00:00:00,9100,9060,9290,9060,97987
2016-10-11 00:00:00,9300,9120,9330,9100,92452
2016-10-12 00:00:00,9790,9300,9850,9300,287490
2016-10-13 00:00:00,9720,9850,9890,9570,151307
2016-10-14 00:00:00,9720,9650,9900,9650,135046
2016-10-17 00:00:00,9350,9770,9830,9350,175747
2016-10-18 00:00:00,9500,9470,9620,9350,66180
2016-10-19 00:00:00,9700,9510,9830,9500,136584
2016-10-20 00:00:00,9800,9600,9860,9600,147924
2016-10-21 00:00:00,9770,9810,9820,9700,92562
2016-10-24 00:00:00,9780,9860,9930,9740,139623
2016-10-25 00:00:00,9690,9760,9890,9500,147970
2016-10-26 00:00:00,9840,9560,9890,9560,136172
2016-10-27 00:00:00,9930,9860,10000,9840,148014
2016-10-28 00:00:00,9750,9890,10000,9690,90840
2016-10-31 00:00:00,9910,9850,10200,9750,192647
2016-11-01 00:00:00,9920,9870,10100,9840,129470
2016-11-02 00:00:00,9550,9810,9890,9420,125202
2016-11-03 00:00:00,9340,9500,9580,9280,74607
2016-11-04 00:00:00,9600,9400,9610,9030,79439
2016-11-07 00:00:00,9580,9790,9790,9420,34143
2016-11-08 00:00:00,9620,9580,9750,9520,45571
2016-11-09 00:00:00,9220,9510,9770,9060,195362
2016-11-10 00:00:00,9580,9270,9670,9270,130999
2016-11-11 00:00:00,9780,9710,9800,9510,105757
2016-11-14 00:00:00,9770,9710,9950,9710,110162
2016-11-15 00:00:00,9620,9770,9790,9490,104279
2016-11-16 00:00:00,9620,9550,9680,9550,77069
2016-11-17 00:00:00,9500,9620,9670,9490,84353
2016-11-18 00:00:00,9220,9520,9620,9170,142125
2016-11-21 00:00:00,9400,9200,9470,9140,96753
2016-11-22 00:00:00,9360,9350,9440,9270,40473
2016-11-23 00:00:00,9280,9440,9440,9230,78258
2016-11-24 00:00:00,9200,9220,9470,9150,85849
2016-11-25 00:00:00,9170,9150,9240,9110,42452
2016-11-28 00:00:00,9050,9300,9300,9050,59061
2016-11-29 00:00:00,9040,9040,9170,9000,51637
2016-11-30 00:00:00,8780,9120,9120,8550,98875
2016-12-01 00:00:00,8710,8650,8780,8500,167461
2016-12-02 00:00:00,8650,8600,8760,8600,48957
2016-12-05 00:00:00,8460,8710,8710,8450,85480
2016-12-06 00:00:00,8950,8490,8950,8470,102059
2016-12-07 00:00:00,8940,8890,9270,8800,200037
2016-12-08 00:00:00,9170,8850,9260,8850,148521
2016-12-09 00:00:00,9510,9170,9690,9010,310161
2016-12-12 00:00:00,10100,9600,10350,9600,641225
2016-12-13 00:00:00,10150,10200,10350,9960,530469
2016-12-14 00:00:00,11900,10100,12300,9600,7456000
2016-12-15 00:00:00,12150,11800,12650,11700,2821557
2016-12-16 00:00:00,11850,12050,12300,11650,1756786
2016-12-19 00:00:00,12050,11900,12100,11450,1665862
2016-12-20 00:00:00,11750,12100,12350,11550,943744
2016-12-21 00:00:00,11850,11750,11950,11400,710565
2016-12-22 00:00:00,11650,11850,11900,11500,417229
2016-12-23 00:00:00,11600,11750,12150,11400,1084919
2016-12-26 00:00:00,11500,11700,11750,11350,346480
2016-12-27 00:00:00,11750,11550,11950,11400,746482
2016-12-28 00:00:00,12100,11650,12150,11550,753870
2016-12-29 00:00:00,11700,11950,12050,11700,372582
2017-01-02 00:00:00,11850,11700,11900,11250,472100
2017-01-03 00:00:00,11500,11800,12300,11450,944858
2017-01-04 00:00:00,12000,11600,12000,11350,537054
2017-01-05 00:00:00,12650,12050,12800,11750,2024419
2017-01-06 00:00:00,12400,12700,12800,12400,523117
2017-01-09 00:00:00,12450,12450,12850,12200,808561
2017-01-10 00:00:00,12450,12350,12600,12200,324974
2017-01-11 00:00:00,12350,12300,12650,12250,455392
2017-01-12 00:00:00,12250,12350,12400,12000,382745
2017-01-13 00:00:00,12350,12250,12500,12100,210254
2017-01-16 00:00:00,12000,12300,12350,11800,346195
2017-01-17 00:00:00,11900,12150,12250,11850,349036
2017-01-18 00:00:00,12200,11900,12250,11700,385690
2017-01-19 00:00:00,12200,12250,12350,12000,295692
2017-01-20 00:00:00,11950,12100,12200,11900,211440
2017-01-23 00:00:00,11950,11950,12350,11900,256703
2017-01-24 00:00:00,11500,11900,11900,11300,460899
2017-01-25 00:00:00,11550,11450,11800,11400,303171
2017-01-26 00:00:00,12300,11550,12650,11550,891567
2017-01-31 00:00:00,12100,12200,12350,11850,277410
2017-02-01 00:00:00,12850,12100,13000,12050,880903
2017-02-02 00:00:00,12600,12750,13300,12400,777113
2017-02-03 00:00:00,12700,12650,12950,12350,385835
2017-02-06 00:00:00,12700,12700,13050,12550,338256
2017-02-07 00:00:00,13400,12700,13650,12700,1236134
2017-02-08 00:00:00,13450,13450,13600,13150,439132
2017-02-09 00:00:00,13050,13350,13350,12900,434900
2017-02-10 00:00:00,13400,13050,13400,12800,337995
2017-02-13 00:00:00,13750,13250,13850,13200,437610
2017-02-14 00:00:00,13950,13750,14250,13650,529789
2017-02-15 00:00:00,14100,13800,14100,13750,358964
2017-02-16 00:00:00,13950,14100,14700,13800,747945
2017-02-17 00:00:00,13950,13800,14250,13700,205152
2017-02-20 00:00:00,13800,13800,14200,13700,200424
2017-02-21 00:00:00,14000,13850,14350,13800,236455
2017-02-22 00:00:00,13850,14000,14050,13700,201747
2017-02-23 00:00:00,13700,13850,13900,13300,499975
2017-02-24 00:00:00,13650,13500,13900,13400,213726
2017-02-27 00:00:00,14250,13600,14300,13600,354863
2017-02-28 00:00:00,14100,14300,14300,13850,194570
2017-03-02 00:00:00,14100,14050,14250,13900,152334
2017-03-03 00:00:00,13850,14000,14050,13400,278671
2017-03-06 00:00:00,13650,13800,13800,13300,235256
2017-03-07 00:00:00,13700,13600,13850,13500,136830
2017-03-08 00:00:00,13500,13700,13800,13350,195526
2017-03-09 00:00:00,13500,13500,13600,13300,206684
2017-03-10 00:00:00,13800,13350,13800,13200,232866
2017-03-13 00:00:00,14050,13800,14300,13750,439629
2017-03-14 00:00:00,14550,14050,14700,13950,746464
2017-03-15 00:00:00,14550,14550,14750,14300,386062
2017-03-16 00:00:00,15000,14650,15050,14450,650393
2017-03-17 00:00:00,14400,15000,15000,14400,377212
2017-03-20 00:00:00,14650,14350,14800,14150,304165
2017-03-21 00:00:00,14700,14650,14850,14500,172549
2017-03-22 00:00:00,14650,14550,14750,14450,111969
2017-03-23 00:00:00,14200,14550,14650,14200,173731
2017-03-24 00:00:00,14250,14200,14550,14000,177538
2017-03-27 00:00:00,14400,14150,14500,14150,85945
2017-03-28 00:00:00,14450,14300,14500,14250,76484
2017-03-29 00:00:00,14450,14450,14650,14250,103640
2017-03-30 00:00:00,14200,14450,14450,14100,134385
2017-03-31 00:00:00,14100,14200,14350,13850,227661
2017-04-03 00:00:00,14900,14000,15000,14000,501722
2017-04-04 00:00:00,15300,14800,15350,14600,340788
2017-04-05 00:00:00,15250,15350,15650,15100,307793
2017-04-06 00:00:00,15050,15250,15250,14950,123891
2017-04-07 00:00:00,14900,15000,15000,14750,187750
2017-04-10 00:00:00,14350,15000,15150,14150,316166
2017-04-11 00:00:00,14750,14250,14750,14250,226058
2017-04-12 00:00:00,14450,14700,14750,14400,142556
2017-04-13 00:00:00,14500,14400,14600,14350,91828
2017-04-14 00:00:00,14500,14450,14700,14350,106173
2017-04-17 00:00:00,14900,14500,14900,14400,110485
2017-04-18 00:00:00,15000,15050,15050,14650,171986
2017-04-19 00:00:00,14700,15000,15000,14550,157708
2017-04-20 00:00:00,14800,14700,14900,14450,116028
2017-04-21 00:00:00,14700,14850,14850,14550,100131
2017-04-24 00:00:00,14600,14600,14800,14400,110192
2017-04-25 00:00:00,14550,14650,14650,14350,105016
2017-04-26 00:00:00,14300,14450,14600,14250,239537
2017-04-27 00:00:00,14100,14400,14400,13700,282360
2017-04-28 00:00:00,14100,14050,14450,13900,133478
2017-05-02 00:00:00,13500,13900,14200,13250,363994
2017-05-04 00:00:00,13650,13500,13850,13450,137127
2017-05-08 00:00:00,14600,13750,14700,13750,513220
2017-05-10 00:00:00,14700,14750,14900,14350,224188
2017-05-11 00:00:00,14500,14550,14750,14400,150433
2017-05-12 00:00:00,14650,14500,14700,14350,139836
2017-05-15 00:00:00,14700,14800,14800,14300,179812
2017-05-16 00:00:00,14150,14700,14700,14000,313457
2017-05-17 00:00:00,14000,13900,14100,13800,221668
2017-05-18 00:00:00,13650,13750,13900,13500,252589
2017-05-19 00:00:00,13950,13650,14000,13650,119273
2017-05-22 00:00:00,13800,13950,14000,13650,147770
2017-05-23 00:00:00,13750,14000,14000,13450,171469
2017-05-24 00:00:00,13850,13800,14150,13600,146461
2017-05-25 00:00:00,13750,14000,14000,13650,106575
2017-05-26 00:00:00,13800,13800,13800,13350,207189
2017-05-29 00:00:00,13400,13800,13800,13300,253861
2017-05-30 00:00:00,13600,13400,13700,13350,123592
2017-05-31 00:00:00,14300,13550,14300,13550,605768
2017-06-01 00:00:00,14200,14300,14300,13900,193115
2017-06-02 00:00:00,14950,14300,15150,14100,604019
2017-06-05 00:00:00,15300,15200,15550,14950,477881
2017-06-07 00:00:00,15400,15500,15500,14900,297275
2017-06-08 00:00:00,15750,15400,16200,15350,643757
2017-06-09 00:00:00,15900,15950,16100,15650,292765
2017-06-12 00:00:00,15900,15750,16050,15550,182974
2017-06-13 00:00:00,16250,15950,16400,15900,254100
2017-06-14 00:00:00,16200,16450,16450,16200,230692
2017-06-15 00:00:00,16100,16100,16200,15650,349515
2017-06-16 00:00:00,15750,16150,16200,15550,303434
2017-06-19 00:00:00,16000,15750,16100,15600,152046
2017-06-20 00:00:00,15150,16000,16300,15150,289157
2017-06-21 00:00:00,14950,15300,15600,14700,253687
2017-06-22 00:00:00,14750,15200,15400,14750,212758
2017-06-23 00:00:00,14800,14950,15050,14700,127402
2017-06-26 00:00:00,14500,14900,14950,14400,202179
2017-06-27 00:00:00,14850,14900,15300,14600,398038
2017-06-28 00:00:00,14600,14700,14750,14400,193059
2017-06-29 00:00:00,14600,14650,14850,14450,145857
2017-06-30 00:00:00,15050,14400,15150,14350,287201
2017-07-03 00:00:00,15350,15000,15750,15000,565238
2017-07-04 00:00:00,14900,15350,15600,14700,443067
2017-07-05 00:00:00,14750,14750,14950,14650,162003
2017-07-06 00:00:00,14800,14800,15250,14750,240712
2017-07-07 00:00:00,15000,14800,15300,14800,216511
2017-07-10 00:00:00,14650,15000,15000,14450,176601
2017-07-11 00:00:00,14550,14650,14750,14350,182783
2017-07-12 00:00:00,14150,14450,14500,13950,261434
2017-07-13 00:00:00,14000,14250,14250,13650,368588
2017-07-14 00:00:00,13850,14200,14250,13850,189592
2017-07-17 00:00:00,14100,13800,14400,13750,291492
2017-07-18 00:00:00,14450,14100,14600,13950,220842
2017-07-19 00:00:00,14100,14450,14600,14000,282771
2017-07-20 00:00:00,14100,14150,14200,13900,225470
2017-07-21 00:00:00,14050,14250,14400,13900,215228
2017-07-24 00:00:00,14100,14050,14300,13900,162387
2017-07-25 00:00:00,13900,14000,14250,13900,178798
2017-07-26 00:00:00,14000,14000,14200,13900,144519
2017-07-27 00:00:00,13900,14000,14150,13900,95770
2017-07-28 00:00:00,13400,13850,13900,13300,253364
2017-07-31 00:00:00,13700,13450,13700,12900,174538
2017-08-01 00:00:00,13600,13750,13950,13600,113208
2017-08-02 00:00:00,13500,13650,13800,13400,109515
2017-08-03 00:00:00,13050,13450,13550,12650,233264
2017-08-04 00:00:00,12900,12950,13250,12700,164151
2017-08-07 00:00:00,13200,12900,13450,12750,178638
2017-08-08 00:00:00,13200,13250,13450,13050,86938
2017-08-09 00:00:00,13950,13250,14000,12850,399939
2017-08-10 00:00:00,13350,13800,14250,12950,429747
2017-08-11 00:00:00,12700,13000,13300,12650,301287
2017-08-14 00:00:00,12850,12950,12950,12700,87346
2017-08-16 00:00:00,12700,12900,13050,12550,170307
2017-08-17 00:00:00,12600,12700,12900,12550,120997
2017-08-18 00:00:00,12550,12500,12650,12400,105276
2017-08-21 00:00:00,12400,12650,12700,12200,115002
2017-08-22 00:00:00,12150,12400,12450,12100,137910
2017-08-23 00:00:00,12350,12250,12450,12100,132322
2017-08-24 00:00:00,12300,12350,12700,12300,105685
2017-08-25 00:00:00,12700,12350,12900,12300,159949
2017-08-28 00:00:00,13350,12900,13400,12800,213709
2017-08-29 00:00:00,13200,13150,13400,13100,113953
2017-08-30 00:00:00,13050,13100,13400,13050,70200
2017-08-31 00:00:00,12950,13100,13250,12850,87491
2017-09-01 00:00:00,13500,12950,13650,12950,270943
2017-09-04 00:00:00,13050,13000,13350,12950,228242
2017-09-05 00:00:00,12700,13200,13200,12600,183257
2017-09-06 00:00:00,12800,12750,12950,12550,116792
2017-09-07 00:00:00,13350,12950,13350,12750,130672
2017-09-08 00:00:00,13100,13400,13400,13000,111239
2017-09-11 00:00:00,12900,13050,13250,12850,160031
2017-09-12 00:00:00,12950,12950,13050,12800,200778
2017-09-13 00:00:00,12650,13000,13050,12650,159049
2017-09-14 00:00:00,13500,12600,13750,12450,524808
2017-09-15 00:00:00,13300,13550,14050,13150,446353
2017-09-18 00:00:00,13550,13300,13800,13150,246235
2017-09-19 00:00:00,13350,13600,13750,13300,106168
2017-09-20 00:00:00,13300,13450,13600,13150,177055
2017-09-21 00:00:00,12900,13450,13450,12850,221718
2017-09-22 00:00:00,12550,12900,12950,12450,153347
2017-09-25 00:00:00,12350,12400,12750,12250,130528
2017-09-26 00:00:00,12400,12300,12550,12150,95584
2017-09-27 00:00:00,12650,12400,12850,12300,79031
2017-09-28 00:00:00,12450,12650,12750,12450,60480
2017-09-29 00:00:00,12550,12500,12700,12400,52527
2017-10-10 00:00:00,12600,12600,12850,12550,48609
2017-10-11 00:00:00,13050,12550,13150,12550,139566
2017-10-12 00:00:00,13400,13200,13700,12950,227638
2017-10-13 00:00:00,13400,13600,13900,13250,314642
2017-10-16 00:00:00,12950,13700,13700,12850,189151
2017-10-17 00:00:00,12650,12850,13000,12550,185029
2017-10-18 00:00:00,13450,12700,13600,12700,481821
2017-10-19 00:00:00,13300,13500,13500,12950,219627
2017-10-20 00:00:00,13100,13500,13700,13000,365024
2017-10-23 00:00:00,13150,13300,13400,13050,186350
2017-10-24 00:00:00,13200,13100,13300,12950,151084
2017-10-25 00:00:00,13100,13300,13300,13000,116522
2017-10-26 00:00:00,13000,13200,13450,12900,175877
2017-10-27 00:00:00,13100,13000,13150,12900,99999
2017-10-30 00:00:00,13150,13100,13450,13050,162852
2017-10-31 00:00:00,13050,13100,13350,13050,91906
2017-11-01 00:00:00,12950,13100,13100,12800,188288
2017-11-02 00:00:00,12700,13100,13100,12650,210600
2017-11-03 00:00:00,12850,12800,12950,12650,134881
2017-11-06 00:00:00,14200,12850,14850,12650,1483234
2017-11-07 00:00:00,14250,14250,14550,13850,537421
2017-11-08 00:00:00,14350,14200,14550,14000,428116
2017-11-09 00:00:00,14100,14350,14650,14100,434716
2017-11-10 00:00:00,13800,14050,14200,13800,265767
2017-11-13 00:00:00,14650,13700,14700,13700,758962
2017-11-14 00:00:00,14850,14800,14900,14350,470458
2017-11-15 00:00:00,14800,14800,15150,14550,899043
2017-11-16 00:00:00,14500,15000,15150,14300,636486
2017-11-17 00:00:00,14050,14450,14500,14000,842534
2017-11-20 00:00:00,14000,14100,14400,13900,834438
2017-11-21 00:00:00,14100,14100,14400,13850,930677
2017-11-22 00:00:00,13350,14100,14200,13200,921950
2017-11-23 00:00:00,13550,13400,13600,13150,658431
2017-11-24 00:00:00,13100,13550,13550,13050,375939
2017-11-27 00:00:00,13200,13200,13350,13100,257871
2017-11-28 00:00:00,12850,13200,13500,12800,480818
2017-11-29 00:00:00,12950,12900,13150,12750,307195
2017-11-30 00:00:00,12650,13000,13000,12650,262924
2017-12-01 00:00:00,13200,12800,13250,12650,315092
2017-12-04 00:00:00,13250,13250,13450,13000,252284
2017-12-05 00:00:00,13100,13100,13350,12950,269858
2017-12-06 00:00:00,13950,13150,14550,13150,2085561
2017-12-07 00:00:00,14500,14050,14700,13750,1198339
2017-12-08 00:00:00,14200,14600,14850,13800,758034
2017-12-11 00:00:00,14900,14200,14900,14100,724460
2017-12-12 00:00:00,15150,15000,15650,14750,1019090
2017-12-13 00:00:00,15000,15400,15550,14750,625496
2017-12-14 00:00:00,15400,15000,15400,14650,590258
2017-12-15 00:00:00,15400,15500,15550,15100,450073
2017-12-18 00:00:00,15050,15350,15350,14800,435608
2017-12-19 00:00:00,14700,14750,14950,14450,421182
2017-12-20 00:00:00,15150,14450,15400,14450,457649
2017-12-21 00:00:00,14650,15050,15300,14600,357467
2017-12-22 00:00:00,14550,14750,15100,14400,392356
2017-12-26 00:00:00,15100,14600,15350,14600,621645
2017-12-27 00:00:00,15400,15300,15550,15200,438010
2017-12-28 00:00:00,15450,15400,15550,15150,263642
2018-01-02 00:00:00,18400,15500,19000,15500,1708373
2018-01-03 00:00:00,18650,18450,19200,18050,851460
2018-01-04 00:00:00,18600,18500,19500,18500,696091
2018-01-05 00:00:00,20300,18900,20300,18700,926624
2018-01-08 00:00:00,21800,20700,23500,20150,1763377
2018-01-09 00:00:00,20650,21950,22000,20250,1317964
2018-01-10 00:00:00,22850,21000,23200,20200,1375755
2018-01-11 00:00:00,25400,23150,29150,23000,4286166
2018-01-12 00:00:00,26900,26200,28400,25100,1798810
2018-01-15 00:00:00,29350,28400,29350,27300,1089229
2018-01-16 00:00:00,28150,29250,29250,27700,844901
2018-01-17 00:00:00,27950,28600,29550,26800,823754
2018-01-18 00:00:00,27850,28200,28550,27100,414278
2018-01-19 00:00:00,27900,28000,28400,27450,317638
2018-01-22 00:00:00,28150,28000,28500,27250,483214
2018-01-23 00:00:00,32150,28000,33200,27650,1537238
2018-01-24 00:00:00,32450,32300,33350,31650,479756
2018-01-25 00:00:00,34150,32000,36400,31900,1124859
2018-01-26 00:00:00,36700,34350,36900,34350,724522
2018-01-29 00:00:00,37700,38000,39150,36500,668225
2018-01-30 00:00:00,39800,37800,40700,36900,869028
2018-01-31 00:00:00,39750,38500,40700,38250,402334
2018-02-01 00:00:00,39750,40450,41300,38800,379105
2018-02-02 00:00:00,39250,40700,40900,39000,287021
2018-02-05 00:00:00,35150,37550,38100,33900,925419
2018-02-06 00:00:00,33750,32000,34300,30100,1652227
2018-02-07 00:00:00,34350,35650,38450,34150,1130455
2018-02-08 00:00:00,37000,34350,37000,34200,611183
2018-02-09 00:00:00,36000,35300,37500,34500,630962
2018-02-12 00:00:00,35200,36950,37500,35200,410543
2018-02-13 00:00:00,35350,35700,36900,34550,425946
2018-02-14 00:00:00,39150,36000,39900,35850,819708
2018-02-19 00:00:00,45500,39700,45500,39700,1265059
2018-02-20 00:00:00,37500,46950,48750,32400,6665949
2018-02-21 00:00:00,38800,37900,39150,34700,3073240
2018-02-22 00:00:00,38200,38300,40200,37600,1759379
2018-02-23 00:00:00,36700,38500,38600,35800,1154987
2018-02-26 00:00:00,35400,37100,37350,35400,1121806
2018-02-27 00:00:00,34700,35800,36200,34150,783575
2018-02-28 00:00:00,35250,34250,36700,34200,816728
2018-03-02 00:00:00,36500,35000,36600,34200,457641
2018-03-05 00:00:00,35650,37000,37100,35400,398092
2018-03-06 00:00:00,36000,35650,36850,35200,288377
2018-03-07 00:00:00,38000,36200,39500,36000,1336310
2018-03-08 00:00:00,40000,38550,40200,38400,841075
2018-03-09 00:00:00,40000,40450,40700,39100,663161
2018-03-12 00:00:00,43950,40350,45500,39800,1681108
2018-03-13 00:00:00,42250,44200,44800,41800,732149
2018-03-14 00:00:00,43250,42500,43900,41100,523084
2018-03-15 00:00:00,43400,43000,44800,42800,446408
2018-03-16 00:00:00,43700,43800,44650,43350,432645
2018-03-19 00:00:00,40800,43400,43700,39550,838451
2018-03-20 00:00:00,40800,40100,42350,40100,326621
2018-03-21 00:00:00,39900,41500,42300,39900,467576
2018-03-22 00:00:00,39350,39350,40800,37500,587898
2018-03-23 00:00:00,36850,38000,39350,36850,537085
2018-03-26 00:00:00,38450,37200,38700,36900,428613
2018-03-27 00:00:00,40100,39850,40600,39200,438897
2018-03-28 00:00:00,38750,39550,40100,38550,288612
2018-03-29 00:00:00,39100,38850,40200,38600,342917
2018-03-30 00:00:00,38900,39600,40000,38750,273018
2018-04-02 00:00:00,38200,38750,39350,37950,267272
2018-04-03 00:00:00,42450,38050,43200,37950,1368283
2018-04-04 00:00:00,43700,43000,44950,42200,1049559
2018-04-05 00:00:00,43000,44700,45700,42200,717285
2018-04-06 00:00:00,49500,42700,50700,42700,2927370
2018-04-09 00:00:00,51400,50500,52700,48900,1560519
2018-04-10 00:00:00,50500,50000,51200,49100,783473
2018-04-11 00:00:00,49800,51100,51200,49400,528823
2018-04-12 00:00:00,46150,49250,49700,45850,1095839
2018-04-13 00:00:00,50200,46350,51700,46100,1000477
2018-04-16 00:00:00,50300,50900,52800,49500,763626
2018-04-17 00:00:00,49600,50600,50900,48850,403754
2018-04-18 00:00:00,47500,50100,52100,47050,927822
2018-04-19 00:00:00,46200,47500,48400,44900,540931
2018-04-20 00:00:00,48250,46800,49700,46300,592916
2018-04-23 00:00:00,48250,48250,49100,46900,277586
2018-04-24 00:00:00,47350,48000,49400,46800,267374
2018-04-25 00:00:00,46600,46850,48250,46100,303315
2018-04-26 00:00:00,47900,47100,48400,47000,244995
2018-04-27 00:00:00,48200,48500,48550,47300,240996
2018-04-30 00:00:00,46500,47950,48800,45450,376104
2018-05-02 00:00:00,44900,44550,46950,43800,362389
2018-05-03 00:00:00,44350,45300,46400,44350,231477
2018-05-04 00:00:00,43800,44400,45500,42850,268557
2018-05-08 00:00:00,41900,44000,45100,41800,276007
2018-05-09 00:00:00,43200,41050,43450,39450,423326
2018-05-10 00:00:00,45150,43000,47000,42050,615269
2018-05-11 00:00:00,45300,45400,47000,44700,315993
2018-05-14 00:00:00,45800,45850,46550,44550,280043
2018-05-15 00:00:00,43800,46600,47350,42700,339899
2018-05-16 00:00:00,42000,43750,44200,39550,322867
2018-05-17 00:00:00,41700,42000,42800,41000,205764
2018-05-18 00:00:00,42600,42000,43750,42000,194806
2018-05-21 00:00:00,44200,42800,44400,42750,245974
2018-05-23 00:00:00,44800,44000,44800,42450,322832
2018-05-24 00:00:00,45300,44400,45850,44400,268101
2018-05-25 00:00:00,45800,45300,46750,44900,394745
2018-05-28 00:00:00,46800,44600,47950,44600,314229
2018-05-29 00:00:00,45500,47200,47600,44800,291221
2018-05-30 00:00:00,45550,45500,45750,44000,300895
2018-05-31 00:00:00,45000,45900,46200,44350,313158
2018-06-01 00:00:00,47750,44900,47750,44700,576182
2018-06-04 00:00:00,45700,48000,48000,45550,458514
2018-06-05 00:00:00,43050,46000,46300,42700,522924
2018-06-07 00:00:00,45350,43400,45950,42950,318157
2018-06-08 00:00:00,43950,45500,45600,43500,208210
2018-06-11 00:00:00,43800,43950,44350,42850,157396
2018-06-12 00:00:00,44000,43800,44500,43200,199910
2018-06-14 00:00:00,43200,43200,44200,42250,845689
2018-06-15 00:00:00,43450,43400,43650,42150,220110
2018-06-18 00:00:00,40700,42550,43400,40200,320328
2018-06-19 00:00:00,37000,40050,41200,37000,418534
2018-06-20 00:00:00,39100,37000,39750,37000,356393
2018-06-21 00:00:00,37950,38700,39700,37100,311821
2018-06-22 00:00:00,36250,37500,37750,34850,637530
2018-06-25 00:00:00,35650,36300,36800,35500,236444
2018-06-26 00:00:00,35650,34600,36150,34400,319009
2018-06-27 00:00:00,34550,35400,36250,34550,236979
2018-06-28 00:00:00,32850,33850,34450,32750,538981
2018-06-29 00:00:00,34700,33200,35000,32750,361702
2018-07-02 00:00:00,36350,34850,38200,34650,762329
2018-07-03 00:00:00,39200,36850,40500,36850,727318
2018-07-04 00:00:00,39800,39600,40300,38200,362107
2018-07-05 00:00:00,39500,39750,40800,38450,256545
2018-07-06 00:00:00,40000,39550,40250,38400,227306
2018-07-09 00:00:00,40850,40350,42150,40000,404380
2018-07-10 00:00:00,42400,41400,43750,41250,573654
2018-07-11 00:00:00,42450,42100,43600,41950,301204
2018-07-12 00:00:00,42750,42450,43250,39450,623830
2018-07-13 00:00:00,44100,42600,44800,41300,465982
2018-07-16 00:00:00,43350,45000,45650,42650,394639
2018-07-17 00:00:00,42800,43450,44300,42700,186499
2018-07-18 00:00:00,40750,42800,43150,40200,364684
2018-07-19 00:00:00,39500,40700,41400,39450,256873
2018-07-20 00:00:00,39750,39350,41200,39300,381862
2018-07-23 00:00:00,37950,40100,40550,37950,228598
2018-07-24 00:00:00,38050,38200,39100,37800,154776
2018-07-25 00:00:00,35850,38150,38650,35250,466913
2018-07-26 00:00:00,38000,36000,38200,35600,248392
2018-07-27 00:00:00,39850,37600,40000,37200,299956
2018-07-30 00:00:00,39550,39600,40400,38700,144828
2018-07-31 00:00:00,39250,39650,40150,38850,111399
2018-08-01 00:00:00,41300,39900,41350,39550,225918
2018-08-02 00:00:00,40000,41400,41600,39450,254576
2018-08-03 00:00:00,42250,40450,42350,40200,270793
2018-08-06 00:00:00,41800,42550,43550,41200,246414
2018-08-07 00:00:00,41300,42000,42450,40650,204642
2018-08-08 00:00:00,41300,41800,42050,40900,133955
2018-08-09 00:00:00,42450,41350,42900,41050,236447
2018-08-10 00:00:00,42100,42100,43150,41500,180342
2018-08-13 00:00:00,39850,41800,41800,39800,246099
2018-08-14 00:00:00,40250,39800,41500,39550,225983
2018-08-16 00:00:00,39900,39300,40250,37500,264189
2018-08-17 00:00:00,40750,40200,41550,39950,257903
2018-08-20 00:00:00,40350,41250,41650,40200,131549
2018-08-21 00:00:00,42100,40550,42300,40550,345567
2018-08-22 00:00:00,41500,42500,42850,41450,164411
2018-08-23 00:00:00,42400,41800,42400,40850,236367
2018-08-24 00:00:00,43100,41800,43450,39950,575244
2018-08-27 00:00:00,43300,43700,44400,43050,381812
2018-08-28 00:00:00,47300,44100,48000,43800,1486174
2018-08-29 00:00:00,45750,47650,47800,45000,932439
2018-08-30 00:00:00,45600,45400,45750,44400,359194
2018-08-31 00:00:00,45900,45750,46900,45250,529571
2018-09-03 00:00:00,44800,46250,46250,44550,363224
2018-09-04 00:00:00,45850,45250,46150,44600,292453
2018-09-05 00:00:00,44600,45650,46150,44450,311184
2018-09-06 00:00:00,43200,44200,44700,43100,355003
2018-09-07 00:00:00,43450,42800,44950,42800,239294
2018-09-10 00:00:00,43050,43100,43900,42500,224287
2018-09-11 00:00:00,44000,42850,44150,42650,198215
2018-09-12 00:00:00,44700,44300,44900,43900,251212
2018-09-13 00:00:00,43900,45250,45300,43300,242251
2018-09-14 00:00:00,46200,43900,47000,43350,704570
2018-09-17 00:00:00,46400,46400,46600,45250,286116
2018-09-18 00:00:00,50400,46600,50500,46000,1326224
2018-09-19 00:00:00,49100,50200,50300,48400,603562
2018-09-20 00:00:00,48150,49400,50800,47700,651367
2018-09-21 00:00:00,48600,48150,48600,46950,319754
2018-09-27 00:00:00,49050,47050,49400,46700,393332
2018-09-28 00:00:00,47900,48600,49500,47600,250294
2018-10-01 00:00:00,46400,48000,48050,46000,265009
2018-10-02 00:00:00,45300,46200,47350,45250,280680
2018-10-04 00:00:00,45200,45300,46200,44550,246085
2018-10-05 00:00:00,45600,44500,46400,43300,405250
2018-10-08 00:00:00,44100,45600,46500,43900,219591
2018-10-10 00:00:00,43500,44600,44900,43500,198695
2018-10-11 00:00:00,40000,41500,42600,40000,396306
2018-10-12 00:00:00,40800,39600,41600,39600,286100
2018-10-15 00:00:00,40750,41200,42600,40250,251274
2018-10-16 00:00:00,41450,41700,42300,40950,152488
2018-10-17 00:00:00,41400,42350,42600,40850,171191
2018-10-18 00:00:00,39900,40700,41400,39800,220069
2018-10-19 00:00:00,40450,40000,40550,38450,299291
2018-10-22 00:00:00,39700,40150,40150,38750,188368
2018-10-23 00:00:00,38200,39400,40050,38000,236925
2018-10-24 00:00:00,36550,38600,39050,36300,251624
2018-10-25 00:00:00,35400,35000,36300,33950,494323
2018-10-26 00:00:00,34500,36000,36300,33900,280751
2018-10-29 00:00:00,30900,34550,35650,30900,504922
2018-10-30 00:00:00,31650,30150,32550,29200,945077
2018-10-31 00:00:00,31850,32200,32650,31500,322777
2018-11-01 00:00:00,32650,32300,34800,32150,471815
2018-11-02 00:00:00,35300,33500,35450,33050,349197
2018-11-05 00:00:00,36400,35050,37600,34400,470157
2018-11-06 00:00:00,36900,36850,37400,36250,291678
2018-11-07 00:00:00,36300,37300,38100,35600,335938
2018-11-08 00:00:00,36350,37250,37500,36200,228156
2018-11-09 00:00:00,35000,35750,36100,34500,212403
2018-11-12 00:00:00,33700,34100,34200,33200,252505
2018-11-13 00:00:00,35750,32800,36050,32600,290042
2018-11-14 00:00:00,35400,35850,36900,35000,205766
2018-11-15 00:00:00,35550,35000,35650,33950,283653
2018-11-16 00:00:00,37950,37500,39000,37150,780086
2018-11-19 00:00:00,38800,37950,38800,37600,273187
2018-11-20 00:00:00,37650,38300,38700,37500,263886
2018-11-21 00:00:00,38350,36850,38350,36300,199920
2018-11-22 00:00:00,37550,38250,38500,37450,145349
2018-11-23 00:00:00,37150,37800,39500,37100,285087
2018-11-26 00:00:00,39650,37500,39700,37250,354286
2018-11-27 00:00:00,39200,39700,39950,38800,208015
2018-11-28 00:00:00,39200,39600,39900,38900,153680
2018-11-29 00:00:00,39900,39800,40750,39800,359834
2018-11-30 00:00:00,41150,40100,42700,40050,587092
2018-12-03 00:00:00,42900,42150,43800,42150,412440
2018-12-04 00:00:00,42850,42750,43450,42300,225116
2018-12-05 00:00:00,42300,41800,42350,41200,191138
2018-12-06 00:00:00,39950,42400,42400,39950,300723
2018-12-07 00:00:00,41400,40750,41600,40400,209896
2018-12-10 00:00:00,39450,40750,40750,39200,256691
2018-12-11 00:00:00,39350,39950,40600,39200,251744
2018-12-12 00:00:00,41950,39750,41950,39700,287866
2018-12-13 00:00:00,42050,41950,42350,41100,225503
2018-12-14 00:00:00,40100,42000,42000,40000,252714
2018-12-17 00:00:00,36950,39550,39950,36550,478428
2018-12-18 00:00:00,36300,36150,37600,35300,308717
2018-12-19 00:00:00,37350,36400,38050,36250,224971
2018-12-20 00:00:00,37950,36850,39000,36850,269161
2018-12-21 00:00:00,38550,38200,39300,37900,252596
2018-12-24 00:00:00,37750,38500,39150,37650,218147
2018-12-26 00:00:00,37350,36800,37700,35700,420702
2018-12-27 00:00:00,37550,38400,38550,37400,269777
2018-12-28 00:00:00,38000,37500,38250,36950,270880
2019-01-02 00:00:00,36750,38400,38550,36500,214221
2019-01-03 00:00:00,35400,36600,37050,35350,268695
2019-01-04 00:00:00,36400,35200,36500,34850,161090
2019-01-07 00:00:00,35100,37050,37050,34750,334727
2019-01-08 00:00:00,34600,35350,35450,34250,229797
2019-01-09 00:00:00,35200,34850,36100,34800,230701
2019-01-10 00:00:00,36100,35850,36700,35300,254298
2019-01-11 00:00:00,38450,36500,39000,36500,525282
2019-01-14 00:00:00,37300,38150,38650,37250,190184
2019-01-15 00:00:00,37300,37350,38150,37050,173729
2019-01-16 00:00:00,37300,37400,37750,36500,222093
2019-01-17 00:00:00,36500,37050,37950,36500,185883
2019-01-18 00:00:00,37200,36800,37400,36600,102050
2019-01-21 00:00:00,35700,36850,36900,35400,285939
2019-01-22 00:00:00,36000,35500,36450,35450,128087
2019-01-23 00:00:00,35950,35650,36150,35500,87625
2019-01-24 00:00:00,37050,35950,37050,35850,140685
2019-01-25 00:00:00,39450,37100,40750,36550,799472
2019-01-28 00:00:00,39200,39800,40700,39050,418036
2019-01-29 00:00:00,40950,39950,42000,39050,792375
2019-01-30 00:00:00,42750,41200,43400,41200,587320
2019-01-31 00:00:00,45350,43300,45500,43200,606232
2019-02-01 00:00:00,44950,45350,47000,44450,421386
2019-02-07 00:00:00,47300,45000,48050,44850,586101
2019-02-08 00:00:00,47200,47050,48150,46650,260656
2019-02-11 00:00:00,48300,48500,48750,47450,345590
2019-02-12 00:00:00,48000,48450,48450,47000,277177
2019-02-13 00:00:00,49300,47800,49600,47650,390219
2019-02-14 00:00:00,47900,49350,49350,46400,501387
2019-02-15 00:00:00,47950,47550,48300,46900,177499
2019-02-18 00:00:00,47700,49100,49200,47600,296982
2019-02-19 00:00:00,48300,47900,48850,47350,199385
2019-02-20 00:00:00,48400,48250,48800,47950,159455
2019-02-21 00:00:00,50800,48800,52000,48350,887479
2019-02-22 00:00:00,51000,51500,53200,50600,553648
2019-02-25 00:00:00,51500,50700,51900,50100,246264
2019-02-26 00:00:00,50700,51700,51700,50100,202257
2019-02-27 00:00:00,50700,50400,51400,49850,150156
2019-02-28 00:00:00,50800,50600,52900,50100,458421
2019-03-04 00:00:00,51100,51800,52700,51000,254962
2019-03-05 00:00:00,50800,51100,51800,50500,163992
2019-03-06 00:00:00,51200,50900,52300,50100,202517
2019-03-07 00:00:00,49350,51300,51300,49100,258238
2019-03-08 00:00:00,50400,48450,50800,48100,312658
2019-03-11 00:00:00,50500,50400,50600,49350,139187
2019-03-12 00:00:00,51000,50800,51600,50300,271089
2019-03-13 00:00:00,52700,51400,54000,51000,475480
2019-03-14 00:00:00,51000,52800,53400,50700,345587
2019-03-15 00:00:00,49500,51200,51800,49350,454426
2019-03-18 00:00:00,50000,50000,51000,49850,295449
2019-03-19 00:00:00,48500,50100,50500,48200,240352
2019-03-20 00:00:00,49000,48350,49250,48200,188972
2019-03-21 00:00:00,47400,48700,49150,47300,321553
2019-03-22 00:00:00,49700,50000,50000,47700,293975
2019-03-25 00:00:00,48300,48700,49300,48200,137967
2019-03-26 00:00:00,49400,48950,51700,48000,893666
2019-03-27 00:00:00,47700,51000,52000,46800,820360
2019-03-28 00:00:00,45650,47950,48350,45300,398374
2019-03-29 00:00:00,47000,46100,47150,44800,325599
2019-04-01 00:00:00,48950,46600,49300,46600,254982
2019-04-02 00:00:00,50000,49650,50000,48700,238818
2019-04-03 00:00:00,51000,50000,51100,49400,345389
2019-04-04 00:00:00,51000,50800,51400,49950,188989
2019-04-05 00:00:00,49950,51000,51400,49700,155211
2019-04-08 00:00:00,48950,49500,50200,48700,170374
2019-04-09 00:00:00,48850,49300,49300,47850,154069
2019-04-10 00:00:00,49000,48600,49500,48300,105235
2019-04-11 00:00:00,49250,49300,50200,48950,140355
2019-04-12 00:00:00,48500,49400,49700,48300,159973
2019-04-15 00:00:00,47350,48400,48450,47150,317569
2019-04-16 00:00:00,47200,47550,47900,46800,139392
2019-04-17 00:00:00,46450,47250,47500,45800,233161
2019-04-18 00:00:00,45950,46150,46400,45400,191775
2019-04-19 00:00:00,47500,46250,47800,46250,230218
2019-04-22 00:00:00,46350,47900,48350,46200,192745
2019-04-23 00:00:00,46600,46500,46700,45550,75808
2019-04-24 00:00:00,46000,47050,47100,45600,117244
2019-04-25 00:00:00,45900,46150,46750,45500,93689
2019-04-26 00:00:00,45700,45350,46150,44850,284874
2019-04-29 00:00:00,46200,46050,46550,45500,88172
2019-04-30 00:00:00,45750,46100,46750,45350,127972
2019-05-02 00:00:00,45850,45600,46450,45500,132230
2019-05-03 00:00:00,47900,46000,48250,45800,225213
2019-05-07 00:00:00,46700,47000,47400,46550,145152
2019-05-08 00:00:00,46200,46500,47050,45900,139383
2019-05-09 00:00:00,44250,46350,46550,44200,243527
2019-05-10 00:00:00,43600,43750,45000,42850,225626
2019-05-13 00:00:00,41950,43200,43600,41900,185477
2019-05-14 00:00:00,42000,41050,43050,40600,220476
2019-05-15 00:00:00,43750,42450,43900,41600,160928
2019-05-16 00:00:00,41700,43800,43800,41350,187812
2019-05-17 00:00:00,40900,42300,42600,40800,144416
2019-05-20 00:00:00,40150,40650,41200,39300,203674
2019-05-21 00:00:00,40200,40400,41300,40050,190964
2019-05-22 00:00:00,40850,42050,42400,40350,246250
2019-05-23 00:00:00,39950,40850,40900,39800,142541
2019-05-24 00:00:00,38350,39750,39900,37650,297237
2019-05-27 00:00:00,38500,37850,39000,37500,140118
2019-05-28 00:00:00,39750,38500,39800,38500,137533
2019-05-29 00:00:00,38700,39000,39300,38550,110467
2019-05-30 00:00:00,39700,38600,39950,38150,122233
2019-05-31 00:00:00,39700,39400,40150,39100,113492
2019-06-03 00:00:00,38800,39250,39400,38600,123612
2019-06-04 00:00:00,39900,38800,39900,38750,125658
2019-06-05 00:00:00,40000,40700,40700,39600,157144
2019-06-07 00:00:00,39650,40050,40350,39550,73756
2019-06-10 00:00:00,41200,40000,41450,39850,210730
2019-06-11 00:00:00,41200,41400,41550,40650,108566
2019-06-12 00:00:00,40400,41400,41450,40200,87818
2019-06-13 00:00:00,40200,40550,40900,39750,132113
2019-06-14 00:00:00,40400,40250,41200,40250,122891
2019-06-17 00:00:00,39700,40450,40450,39550,120766
2019-06-18 00:00:00,37900,39500,39900,37500,308514
2019-06-19 00:00:00,39300,38200,39850,38000,193846
2019-06-20 00:00:00,42650,39750,42700,39700,496964
2019-06-21 00:00:00,41150,43100,43250,40950,202893
2019-06-24 00:00:00,40000,41000,41000,39700,167417
2019-06-25 00:00:00,39700,39950,40700,39500,142795
2019-06-26 00:00:00,39750,39500,40350,39450,101349
2019-06-27 00:00:00,38150,39800,40050,36900,398106
2019-06-28 00:00:00,37850,37900,39000,37400,188929
2019-07-01 00:00:00,38600,37850,39200,37850,163974
2019-07-02 00:00:00,38700,38600,38800,37800,107380
2019-07-03 00:00:00,37750,38400,38550,37500,130619
2019-07-04 00:00:00,37250,37800,37800,35800,212606
2019-07-05 00:00:00,38150,37250,38300,37250,113918
2019-07-08 00:00:00,36150,38150,38150,36150,125928
2019-07-09 00:00:00,35000,36150,36450,35000,205164
2019-07-10 00:00:00,35350,35000,36050,35000,145961
2019-07-11 00:00:00,37300,35450,37450,35450,180588
2019-07-12 00:00:00,36750,37600,37600,36350,89900
2019-07-15 00:00:00,35800,36450,36600,35400,88950
2019-07-16 00:00:00,36100,35800,36450,35650,80339
2019-07-17 00:00:00,35400,36000,36000,35200,82192
2019-07-18 00:00:00,35450,35400,35650,34800,86672
2019-07-19 00:00:00,36450,35600,36950,35600,123094
2019-07-22 00:00:00,36300,36500,36700,35800,74751
2019-07-23 00:00:00,35850,36200,36650,35750,69283
2019-07-24 00:00:00,35500,35850,36350,35400,77508
2019-07-25 00:00:00,34600,35400,35600,34200,117272
2019-07-26 00:00:00,34400,34200,34800,33600,141562
2019-07-29 00:00:00,31950,34100,34300,31700,243107
2019-07-30 00:00:00,31500,31650,32650,31400,241723
2019-07-31 00:00:00,33600,31100,34200,30450,359332
2019-08-01 00:00:00,32200,33850,33850,31800,207163
2019-08-02 00:00:00,31900,31000,33150,30700,328642
2019-08-05 00:00:00,28400,31800,32250,28050,388659
2019-08-06 00:00:00,27950,27600,30700,25600,631921
2019-08-07 00:00:00,28750,28700,30150,28300,320052
2019-08-08 00:00:00,29750,29200,30200,29150,172968
2019-08-09 00:00:00,29800,30150,30500,29400,154082
2019-08-12 00:00:00,30200,29700,30400,28950,160416
2019-08-13 00:00:00,29200,29800,29950,29200,165716
2019-08-14 00:00:00,29250,29600,29800,29100,118290
2019-08-16 00:00:00,29850,29250,30050,29000,158122
2019-08-19 00:00:00,29800,30000,30050,29200,108041
2019-08-20 00:00:00,30750,29600,30850,29350,182793
2019-08-21 00:00:00,31700,30750,32150,30350,221385
2019-08-22 00:00:00,30900,31700,32000,30750,182027
2019-08-23 00:00:00,30350,30500,30650,30050,106023
2019-08-26 00:00:00,28600,29450,29500,28350,256388
2019-08-27 00:00:00,28950,30000,30750,28650,440020
2019-08-28 00:00:00,31500,28800,31850,28800,388806
2019-08-29 00:00:00,31050,31700,31750,30600,212273
2019-08-30 00:00:00,31850,31700,32200,31300,192251
2019-09-02 00:00:00,34300,33800,34600,32500,631072
2019-09-03 00:00:00,33550,34050,34700,33450,190790
2019-09-04 00:00:00,33300,33300,33550,32450,202667
2019-09-05 00:00:00,33100,33550,33600,33100,131426
2019-09-06 00:00:00,32650,33400,33400,32350,135244
2019-09-09 00:00:00,32150,32650,33350,32150,160633
2019-09-10 00:00:00,31850,32150,32550,31450,120157
2019-09-11 00:00:00,32500,32750,32900,32050,129495
2019-09-16 00:00:00,33200,32850,33200,32150,105071
2019-09-17 00:00:00,34250,33300,34750,32850,269779
2019-09-18 00:00:00,33850,34250,34700,33850,120193
2019-09-19 00:00:00,34000,33850,34600,33450,195813
2019-09-20 00:00:00,34150,33800,34400,33650,78831
2019-09-23 00:00:00,33500,33900,33900,33400,69363
2019-09-24 00:00:00,33650,32400,34150,32400,141246
2019-09-25 00:00:00,32950,33650,34100,32800,84139
2019-09-26 00:00:00,33850,33350,34250,32950,111814
2019-09-27 00:00:00,33900,34150,34150,33200,56681
2019-09-30 00:00:00,34000,34000,34150,33300,88178
2019-10-01 00:00:00,36000,33900,36300,33800,360701
2019-10-02 00:00:00,35000,35450,35600,34700,193285
2019-10-04 00:00:00,33800,34700,34800,33800,160371
2019-10-07 00:00:00,35450,34150,35500,33800,195454
2019-10-08 00:00:00,34900,35450,35600,34250,159962
2019-10-10 00:00:00,35400,34900,35500,34150,116475
2019-10-11 00:00:00,34800,35500,35500,34700,88761
2019-10-14 00:00:00,35000,35150,35400,34700,92248
2019-10-15 00:00:00,35050,34900,35350,34900,84746
2019-10-16 00:00:00,35900,35150,36200,35150,164638
2019-10-17 00:00:00,35250,35900,36050,34700,172968
2019-10-18 00:00:00,34300,34800,35250,34150,143506
2019-10-21 00:00:00,33800,34300,34550,33450,133955
2019-10-22 00:00:00,34100,33600,34350,33400,163644
2019-10-23 00:00:00,35850,34000,36100,34000,372992
2019-10-24 00:00:00,35200,36000,36100,34750,163833
2019-10-25 00:00:00,34300,35000,35200,34200,132468
2019-10-28 00:00:00,34700,34350,34900,34350,98248
2019-10-29 00:00:00,34700,34700,35300,34350,153892
2019-10-30 00:00:00,33700,34650,34650,33400,170039
2019-10-31 00:00:00,33600,33750,34150,33450,135517
2019-11-01 00:00:00,33750,33600,33850,33450,101734
2019-11-04 00:00:00,33950,33850,34300,33700,117145
2019-11-05 00:00:00,34900,34100,35100,33500,222630
2019-11-06 00:00:00,35200,34950,35600,34600,213889
2019-11-07 00:00:00,34550,35200,35300,34300,119893
2019-11-08 00:00:00,33700,34800,35200,33500,204213
2019-11-11 00:00:00,33650,33800,34100,33550,77903
2019-11-12 00:00:00,33700,33600,33950,33250,115214
2019-11-13 00:00:00,33350,33700,33700,33150,93594
2019-11-14 00:00:00,33600,33400,34000,33300,93779
2019-11-15 00:00:00,33250,33600,33600,32850,132818
2019-11-18 00:00:00,32750,33500,33500,32500,110468
2019-11-19 00:00:00,31900,32750,32750,31550,166277
2019-11-20 00:00:00,30850,31900,32150,30500,198555
2019-11-21 00:00:00,29400,30850,31000,29250,259456
2019-11-22 00:00:00,29600,29200,29950,29150,160293
2019-11-25 00:00:00,30200,29900,30600,29750,126119
2019-11-26 00:00:00,30350,30200,30350,29750,103954
2019-11-27 00:00:00,29900,30200,30400,29800,82691
2019-11-28 00:00:00,30500,29750,30600,29750,93130
2019-11-29 00:00:00,31000,30700,31900,30350,181457
2019-12-02 00:00:00,31300,31000,31750,31000,114717
2019-12-03 00:00:00,30600,30800,30950,30150,89515
2019-12-04 00:00:00,30550,30100,30800,30000,67626
2019-12-05 00:00:00,31500,30450,31650,30350,164237
2019-12-06 00:00:00,31600,31700,31800,31200,84948
2019-12-09 00:00:00,31450,31500,31550,30900,54755
2019-12-10 00:00:00,31400,31450,31550,30700,75741
2019-12-11 00:00:00,31550,31400,31700,31000,63877
2019-12-12 00:00:00,31450,31700,31750,31250,121172
2019-12-13 00:00:00,32900,31850,33000,31800,296660
2019-12-16 00:00:00,32400,32600,32750,31850,122424
2019-12-17 00:00:00,32400,32400,32450,32050,73979
2019-12-18 00:00:00,31800,32400,32500,31750,94654
2019-12-19 00:00:00,31950,31900,32550,31700,136709
2019-12-20 00:00:00,31550,31950,32150,31500,99727
2019-12-23 00:00:00,32150,31550,32400,31550,202735
2019-12-24 00:00:00,32600,32700,32900,32300,282971
2019-12-26 00:00:00,33000,32800,33100,32150,250321
2019-12-27 00:00:00,34550,33100,34650,32900,352487
2019-12-30 00:00:00,35600,34800,35650,34350,244390
2020-01-02 00:00:00,36350,35700,36350,35300,271736
2020-01-03 00:00:00,35200,36050,36100,35200,240187
2020-01-06 00:00:00,34050,34450,34950,33850,198541
2020-01-07 00:00:00,33850,34100,34600,33700,132585
2020-01-08 00:00:00,32400,33650,33650,32250,273651
2020-01-09 00:00:00,33200,33300,33550,32750,131405
2020-01-10 00:00:00,33850,33400,33950,32950,125065
2020-01-13 00:00:00,33250,33650,33950,33200,135613
2020-01-14 00:00:00,32400,33250,33600,32250,216577
2020-01-15 00:00:00,32150,32400,32650,31900,138554
2020-01-16 00:00:00,32450,32050,32500,32050,89450
2020-01-17 00:00:00,32250,32800,32800,32100,84748
2020-01-20 00:00:00,32500,32150,32500,31450,229747
2020-01-21 00:00:00,32000,32700,32850,31700,183909
2020-01-22 00:00:00,32000,31800,32400,31700,67744
2020-01-23 00:00:00,31400,32000,32050,30850,189261
2020-01-28 00:00:00,30400,30000,31000,30000,138357
2020-01-29 00:00:00,30450,30500,31250,30350,91914
2020-01-30 00:00:00,29000,30600,30800,28800,245249
2020-01-31 00:00:00,28900,29300,29750,28550,190713
2020-02-03 00:00:00,28750,27700,29100,27650,184234
2020-02-04 00:00:00,32050,29500,33000,29500,732962
2020-02-05 00:00:00,33800,32500,34450,31900,523482
2020-02-06 00:00:00,34050,33900,34600,33550,229224
2020-02-07 00:00:00,33900,34250,34250,33500,104557
2020-02-10 00:00:00,34300,33250,34300,33050,131838
2020-02-11 00:00:00,35450,34600,36200,34600,425760
2020-02-12 00:00:00,34950,35500,36050,34600,231511
2020-02-13 00:00:00,35500,34950,36350,34750,221566
2020-02-14 00:00:00,36000,35600,36150,35050,197104
2020-02-17 00:00:00,37350,36000,37850,36000,351496
2020-02-18 00:00:00,37100,37650,37750,36250,216330
2020-02-19 00:00:00,43700,41450,44100,40200,2538617
2020-02-20 00:00:00,43600,43200,44200,42050,721285
2020-02-21 00:00:00,43200,43300,44950,42250,524081
2020-02-24 00:00:00,40950,42450,42500,40650,465046
2020-02-25 00:00:00,42400,40900,42750,40200,488884
2020-02-26 00:00:00,43100,41650,43750,41000,424758
2020-02-27 00:00:00,42000,42900,44200,41350,511480
2020-02-28 00:00:00,39500,40950,41550,38850,513505
2020-03-02 00:00:00,40400,40400,40600,39200,262029
2020-03-03 00:00:00,41000,41500,42150,40550,371479
2020-03-04 00:00:00,41950,41000,42050,40750,269953
2020-03-05 00:00:00,42850,42500,44150,42250,652866
2020-03-06 00:00:00,44200,42700,44200,42300,449259
2020-03-09 00:00:00,42300,43200,45200,42200,602591
2020-03-10 00:00:00,41500,41650,42100,40050,403925
2020-03-11 00:00:00,40500,41500,41900,39600,500261
2020-03-12 00:00:00,41150,39950,41500,37800,730560
2020-03-13 00:00:00,40650,37900,43000,33100,1166324
2020-03-16 00:00:00,34050,41600,41600,34050,808031
2020-03-17 00:00:00,34200,31000,36200,30950,936347
2020-03-18 00:00:00,30500,34200,34600,30100,669141
2020-03-19 00:00:00,21850,32000,32050,21350,3043512
2020-03-20 00:00:00,24950,23000,25850,22500,1747146
2020-03-23 00:00:00,23550,22600,24700,22200,1105125
2020-03-24 00:00:00,27950,24850,27950,24550,1339315
2020-03-25 00:00:00,29350,29100,29900,27950,910191
2020-03-26 00:00:00,29600,29250,32200,28500,1003851
2020-03-27 00:00:00,30000,31100,31500,28400,659002
2020-03-30 00:00:00,31200,29000,31350,28650,631693
2020-03-31 00:00:00,32350,32300,33100,31300,754584
2020-04-01 00:00:00,30750,32050,32800,30600,429535
2020-04-02 00:00:00,31450,30800,31600,29550,413454
2020-04-03 00:00:00,31150,31450,31600,30350,321515
2020-04-06 00:00:00,31450,31550,31750,30950,464985
2020-04-07 00:00:00,33050,32400,33800,32050,826339
2020-04-08 00:00:00,33050,33100,33800,32450,412493
2020-04-09 00:00:00,33150,33700,33700,32600,243108
2020-04-10 00:00:00,33750,33400,34650,32750,701696
2020-04-13 00:00:00,32200,34900,34900,31800,638827
2020-04-14 00:00:00,32300,32500,32800,32050,297687
2020-04-16 00:00:00,32200,31850,32300,31200,301830
2020-04-17 00:00:00,32400,32850,33100,32150,261470
2020-04-20 00:00:00,33150,32400,33500,31800,299307
2020-04-21 00:00:00,32300,33000,33650,31300,409981
2020-04-22 00:00:00,31750,31550,31750,30950,323238
2020-04-23 00:00:00,31900,31950,32000,31550,183256
2020-04-24 00:00:00,30550,31700,31700,30400,318345
2020-04-27 00:00:00,31150,30600,31250,30400,187651
2020-04-28 00:00:00,31250,31200,31900,30400,298175
2020-04-29 00:00:00,30750,31250,31300,30650,182005
2020-05-04 00:00:00,30600,30150,31150,30100,147320
2020-05-06 00:00:00,32000,31000,32150,30400,301705
2020-05-07 00:00:00,31950,31800,32250,31450,177704
2020-05-08 00:00:00,36000,32700,37450,32400,2925485
2020-05-11 00:00:00,37150,36300,38000,35500,824093
2020-05-12 00:00:00,37400,37750,38250,36400,587693
2020-05-13 00:00:00,39950,37350,40600,37000,1075279
2020-05-14 00:00:00,38400,40100,41000,37900,1027979
